category,estimated_revenue,total_qty,lines
men's clothing,264643.9945220947,3100,700
jewelery,141097.99995422363,400,300
electronics,62400.0,600,300
women's clothing,985.0000381469727,100,100
